{"cameraMode":{"drawMode":0,"name":"Shaded","section":"Shading Mode"},"sceneLighting":false,"audioPlay":false,"sceneViewState":{"showFog":true,"showMaterialUpdate":false,"showSkybox":false,"showFlares":true,"showImageEffects":true,"showParticleSystems":true},"in2DMode":false,"pivot":{"x":2.458848714828491,"y":-1.0272786617279053,"z":0.02507825382053852},"rotation":{"x":0.18395572900772096,"y":0.6356130242347717,"z":-0.15958647429943086,"w":0.7326208353042603},"size":2.8418960571289064,"orthographic":false}