{"cameraMode":{"drawMode":0,"name":"Shaded","section":"Shading Mode"},"sceneLighting":false,"audioPlay":false,"sceneViewState":{"showFog":true,"showMaterialUpdate":false,"showSkybox":false,"showFlares":true,"showImageEffects":true,"showParticleSystems":true},"in2DMode":false,"pivot":{"x":5.701842784881592,"y":2.1062049865722658,"z":1.0988385677337647},"rotation":{"x":-0.018769891932606698,"y":0.6765616536140442,"z":-0.017257872968912126,"w":-0.73597651720047},"size":3.6629855632781984,"orthographic":false}