{"cameraMode":{"drawMode":0,"name":"Shaded","section":"Shading Mode"},"sceneLighting":false,"audioPlay":false,"sceneViewState":{"showFog":true,"showMaterialUpdate":false,"showSkybox":false,"showFlares":true,"showImageEffects":true,"showParticleSystems":true},"in2DMode":false,"pivot":{"x":2.7160141468048097,"y":-0.4617994725704193,"z":-1.5825347900390626},"rotation":{"x":0.12428996711969376,"y":0.8280156850814819,"z":-0.2026245892047882,"w":0.507865309715271},"size":2.8418960571289064,"orthographic":false}