{"cameraMode":{"drawMode":0,"name":"Shaded","section":"Shading Mode"},"sceneLighting":true,"audioPlay":false,"sceneViewState":{"showFog":true,"showMaterialUpdate":false,"showSkybox":true,"showFlares":true,"showImageEffects":true,"showParticleSystems":true},"in2DMode":false,"pivot":{"x":-0.7768532037734985,"y":0.3938121497631073,"z":-0.42228958010673525},"rotation":{"x":-0.17140896618366242,"y":-0.5720433592796326,"z":0.1237216666340828,"w":-0.7925273776054382},"size":2.160686731338501,"orthographic":false}