{"cameraMode":{"drawMode":0,"name":"Shaded","section":"Shading Mode"},"sceneLighting":true,"audioPlay":false,"sceneViewState":{"showFog":true,"showMaterialUpdate":false,"showSkybox":true,"showFlares":true,"showImageEffects":true,"showParticleSystems":true},"in2DMode":false,"pivot":{"x":2.710944175720215,"y":-0.22188423573970796,"z":0.43883809447288515},"rotation":{"x":-0.09406741708517075,"y":-0.6015061736106873,"z":0.07161229848861695,"w":-0.7900850176811218},"size":2.160686731338501,"orthographic":false}